{"cameraMode":{"drawMode":0,"name":"Shaded","section":"Shading Mode"},"sceneLighting":false,"audioPlay":false,"sceneViewState":{"m_AlwaysRefresh":false,"showFog":false,"showSkybox":true,"showFlares":true,"showImageEffects":false,"showParticleSystems":true,"showVisualEffectGraphs":true,"m_FxEnabled":true},"in2DMode":false,"pivot":{"x":288.1256408691406,"y":-0.17798805236816407,"z":-228.2363739013672},"rotation":{"x":0.12662158906459809,"y":-0.8421564102172852,"z":0.22519615292549134,"w":0.47338759899139407},"size":2.2287473678588869,"orthographic":false}